,name
0,Dennis Rodman
1,Dwayne Schintzius
2,Earl Cureton
3,Ed O'Bannon
4,Ed Pinckney
5,Eddie Johnson
6,Eddie Jones
7,Elden Campbell
8,Eldridge Recasner
9,Elliot Perry
10,Elmer Bennett
11,Elmore Spencer
12,Emanual Davis
13,Ennis Whatley
14,Eric Leckner
15,Eric Mobley
16,Eric Montross
17,Eric Murdock
18,Eric Piatkowski
19,Eric Snow
20,Eric Williams
21,Erick Dampier
22,Erick Strickland
23,Ervin Johnson
24,Duane Ferrell
25,Duane Causwell
26,Doug West
27,Doug Overton
28,Dell Demps
29,Dennis Scott
30,Derek Fisher
31,Derek Harper
32,Derek Strong
33,Derrick Alston
34,Derrick Coleman
35,Derrick McKey
36,Detlef Schrempf
37,Devin Gray
38,Dexter Boney
39,Evric Gray
40,Dickey Simpkins
41,Dino Radja
42,Dominique Wilkins
43,Don MacLean
44,Don Reid
45,Donald Royal
46,Donald Whiteside
47,Donnie Boyce
48,Donny Marshall
49,Dontonio Wingfield
50,Donyell Marshall
51,Doug Christie
52,Dikembe Mutombo
53,Dell Curry
54,Felton Spencer
55,Frankie King
56,Horacio Llamas
57,Hot Rod Williams
58,Howard Eisley
59,Hubert Davis
60,Ike Austin
61,Isaiah Rider
62,Ivano Newbill
63,Jack Haley
64,Jalen Rose
65,Jamal Mashburn
66,James Robinson
67,James Scott
68,Jamie Feick
69,Jamie Watson
70,Jaren Jackson
71,Jason Caffey
72,Jason Kidd
73,Jason Sasser
74,Jayson Williams
75,Jeff Grayer
76,Jeff Hornacek
77,Jeff McInnis
78,Jermaine O'Neal
79,Horace Grant
80,Hersey Hawkins
81,Herb Williams
82,Henry James
83,Fred Roberts
84,Gary Grant
85,Gary Payton
86,Gary Trent
87,Gaylon Nickerson
88,George Lynch
89,George McCloud
90,George Zidek
91,Gerald Wilkins
92,Gheorghe Muresan
93,Glen Rice
94,Frank Brickowski
95,Glenn Robinson
96,Grant Long
97,Greg Anderson
98,Greg Anthony
99,Greg Dreiling
100,Greg Foster
101,Greg Graham
102,Greg Minor
103,Greg Ostertag
104,Hakeem Olajuwon
105,Harvey Grant
106,Haywoode Workman
107,Grant Hill
108,Dee Brown
109,Dean Garrett
110,David Wood
111,Ashraf Amaya
112,Avery Johnson
113,B.J. Armstrong
114,Ben Davis
115,Ben Wallace
116,Benoit Benjamin
117,Bill Wennington
118,Billy Owens
119,Bimbo Coles
120,Bison Dele
121,Blue Edwards
122,Bo Outlaw
123,Bob Sura
124,Bobby Hurley
125,Bobby Phills
126,Brad Lohaus
127,Brent Barry
128,Brent Price
129,Brent Scott
130,Brett Szabo
131,Brian Evans
132,Brian Grant
133,Brian Shaw
134,Arvydas Sabonis
135,Armen Gilliam
136,Antonio McDyess
137,Antonio Lang
138,A.C. Green
139,Aaron McKie
140,Aaron Williams
141,Acie Earl
142,Adam Keefe
143,Adrian Caldwell
144,Alan Henderson
145,Aleksandar Djordjevic
146,Allan Houston
147,Allen Iverson
148,Alonzo Mourning
149,Brooks Thompson
150,Alton Lister
151,Andrew DeClercq
152,Andrew Lang
153,Anfernee Hardaway
154,Anthony Goldwire
155,Anthony Mason
156,Anthony Miller
157,Anthony Peeler
158,Antoine Carr
159,Antoine Walker
160,Antonio Davis
161,Antonio Harvey
162,Amal McCaskill
163,Bruce Bowen
164,Bryant Reeves
165,Bryant Stith
166,Clifford Robinson
167,Clifford Rozier
168,Clyde Drexler
169,Corie Blount
170,Corliss Williamson
171,Cory Alexander
172,Craig Ehlo
173,Cuonzo Martin
174,Dale Davis
175,Dale Ellis
176,Damon Stoudamire
177,Clar. Weatherspoon
178,Dan Majerle
179,Dana Barros
180,Danny Ferry
181,Danny Manning
182,Darrell Armstrong
183,Darrick Martin
184,Darrin Hancock
185,Darvin Ham
186,David Robinson
187,David Vaughn
188,David Wesley
189,David Wingate
190,Dan Schayes
191,Jerome Allen
192,Chucky Brown
193,Chris Whitney
194,Bryon Russell
195,Buck Williams
196,Byron Scott
197,Calbert Cheaney
198,Carl Herrera
199,Carl Thomas
200,Carlos Rogers
201,Cedric Ceballos
202,Charles Barkley
203,Charles Jones
204,Charles Oakley
205,Christian Laettner
206,Charles Smith
207,Cherokee Parks
208,Chris Carr
209,Chris Childs
210,Chris Dudley
211,Chris Gatling
212,Chris Jent
213,Chris Mills
214,Chris Morris
215,Chris Mullin
216,Chris Robinson
217,Chris Webber
218,Charlie Ward
219,Jerome Kersey
220,Fred Hoiberg
221,Jerry Stackhouse
222,Rumeal Robinson
223,Sam Cassell
224,Sam Mack
225,Sam Mitchell
226,Sam Perkins
227,Samaki Walker
228,Sarunas Marciulionis
229,Sasha Danilovic
230,Scott Brooks
231,Scott Burrell
232,Scott Williams
233,Ruben Nembhard
234,Scottie Pippen
235,Sean Rooks
236,Sedale Threatt
237,Shandon Anderson
238,Shane Heal
239,Shaquille O'Neal
240,Shareef Abdur-Rahim
241,Sharone Wright
242,Shawn Bradley
243,Shawn Kemp
244,Jerome Williams
245,Shawnelle Scott
246,Sean Elliott
247,Sherman Douglas
248,Roy Rogers
249,Ron Harper
250,Randolph Childress
251,Randy Brown
252,Randy Livingston
253,Rasheed Wallace
254,Ray Allen
255,Ray Owes
256,Reggie Geary
257,Reggie Jordan
258,Reggie Miller
259,Reggie Slater
260,Reggie Williams
261,Rony Seikaly
262,Rex Chapman
263,Richard Manning
264,Rick Fox
265,Rick Mahorn
266,Ricky Pierce
267,Rik Smits
268,Robert Horry
269,Robert Pack
270,Robert Parish
271,Robert Werdann
272,Rod Strickland
273,Rodney Rogers
274,Rex Walters
275,Rafael Addison
276,Stacey Augmon
277,Stanley Roberts
278,Tracy Moore
279,Tracy Murray
280,Travis Best
281,Travis Knight
282,Tyrone Corbin
283,Tyrone Hill
284,Tyus Edney
285,Vernon Maxwell
286,Vin Baker
287,Vincent Askew
288,Vinny Del Negro
289,Tony Smith
290,Vitaly Potapenko
291,Voshon Lenard
292,Walt Williams
293,Walter McCarty
294,Wayman Tisdale
295,Wesley Person
296,Will Perdue
297,Willie Anderson
298,Willie Burton
299,Xavier McDaniel
300,Yinka Dare
301,Zan Tabak
302,Vlade Divac
303,Stacey King
304,Tony Massenburg
305,Tony Delk
306,Stephen Howard
307,Stephon Marbury
308,Steve Hamer
309,Steve Kerr
310,Steve Nash
311,Steve Scheffler
312,Steven Smith
313,Stevin Smith
314,Stojko Vrankovic
315,Terrell Brandon
316,Terry Cummings
317,Tony Dumas
318,Terry Dehere
319,Terry Porter
320,Theo Ratliff
321,Tim Hardaway
322,Tim Kempton
323,Tim Legler
324,Todd Day
325,Todd Fuller
326,Tom Chambers
327,Tom Gugliotta
328,Tom Hammonds
329,Toni Kukoc
330,Terry Mills
331,Priest Lauderdale
332,Shawn Respert
333,Pooh Richardson
334,Kevin Duckworth
335,Kevin Edwards
336,Kevin Gamble
337,Kevin Garnett
338,Kevin Johnson
339,Kevin Salvadori
340,Kevin Willis
341,Khalid Reeves
342,Kobe Bryant
343,Kurt Thomas
344,LaPhonso Ellis
345,LaSalle Thompson
346,Lamond Murray
347,Larry Johnson
348,Larry Krystkowiak
349,Larry Stewart
350,Latrell Sprewell
351,Lawrence Moten
352,Lee Mayberry
353,Lindsey Hunter
354,Lionel Simmons
355,Litterial Green
356,Lloyd Daniels
357,Kerry Kittles
358,Kenny Smith
359,Kenny Anderson
360,Kendall Gill
361,Jim Jackson
362,Popeye Jones
363,Jimmy Carruth
364,Jimmy King
365,Jimmy Oliver
366,Joe Courtney
367,Joe Dumars
368,Joe Kleine
369,Joe Smith
370,Joe Stephens
371,Joe Wolf
372,Loren Meyer
373,John Crotty
374,John Starks
375,John Stockton
376,John Wallace
377,Johnny Newman
378,Jon Barry
379,Jud Buechler
380,Juwan Howard
381,Karl Malone
382,Keith Askins
383,Keith Tower
384,Ken Norman
385,John Long
386,Lorenzen Wright
387,Jim McIlvaine
388,Lou Roe
389,Michael Curry
390,Michael Finley
391,Michael Hawkins
392,Michael Jordan
393,Michael Smith
394,Mike Brown
395,Mitch Richmond
396,Mitchell Butler
397,Monty Williams
398,Moochie Norris
399,Mookie Blaylock
400,Michael Cage
401,Muggsy Bogues
402,Nate McMillan
403,Nick Anderson
404,Nick Van Exel
405,Olden Polynice
406,Oliver Miller
407,Othella Harrington
408,Otis Thorpe
409,P.J. Brown
410,Patrick Ewing
411,Pervis Ellison
412,Lorenzo Williams
413,Nate Driggers
414,Melvin Booker
415,Pete Chilcutt
416,Matt Maloney
417,Matt Steigenga
418,Loy Vaught
419,Luc Longley
420,Lucious Harris
421,Mahmoud Abdul-Rauf
422,Malik Rose
423,Malik Sealy
424,Marcus Camby
425,Mario Elie
426,Mark Bradtke
427,Mark Bryant
428,Marcus Brown
429,Mark Hendrickson
430,Mark Jackson
431,Mark Price
432,Mark Strickland
433,Matt Geiger
434,Mark West
435,Martin Lewis
436,Martin Muursepp
437,Marty Conlon
438,Matt Bullard
439,Matt Fish
440,Mark Davis
441,Marko Milic
442,Maurice Taylor
443,Mark Pope
444,Mario Bennett
445,Michael McDonald
446,Pete Myers
447,Micheal Williams
448,Michael Stewart
449,Keith Booth
450,Kebu Stewart
451,Johnny Taylor
452,John Thomas
453,Keith Closs
454,Keith Van Horn
455,Kelvin Cato
456,Ledell Eackles
457,Lawrence Funderburke
458,Larry Robinson
459,Kiwane Garris
460,Kevin Ollie
461,Reggie Hanson
462,Tony Farmer
463,Tony Battie
464,Tim Thomas
465,Tim Duncan
466,Tim Breaux
467,Terry Davis
468,Tracy McGrady
469,Zydrunas Ilgauskas
470,William Cunningham
471,Troy Hudson
472,Travis Williams
473,Tariq Abdul-Wahad
474,Rusty LaRue
475,Ron Mercer
476,Rodrick Rhodes
477,Rick Brunson
478,Scot Pollard
479,Steve Henson
480,Spud Webb
481,Shea Seals
482,Sean Higgins
483,Corey Beck
484,Chuck Person
485,Chauncey Billups
486,Chris Anstey
487,Chris Crawford
488,Chris Garner
489,Danny Fortson
490,Derek Grimm
491,Dontae' Jones
492,David Benoit
493,Derek Anderson
494,DeJuan Wheat
495,Austin Croshere
496,Antonio Daniels
497,Anthony Parker
498,Adonal Foyle
499,Anthony Bowie
500,Anthony Johnson
501,Alvin Williams
502,Bill Curley
503,Bubba Wells
504,Cedric Henderson
505,Charles O'Bannon
506,Brian Oliver
507,Bob McCann
508,Brandon Williams
509,Brevin Knight
510,Bobby Jackson
511,Etdrick Bohannon
512,Gerald Madkins
513,God Shammgod
514,Eric Washington
515,Eric Riley
516,Drew Barry
517,Ed Gray
518,Ed Stokes
519,Jacque Vaughn
520,James Collins
521,James Cotton
522,Jason Lawson
523,Jeff Nordgaard
524,Jerald Honeycutt
525,J.R. Reid
526,Harold Ellis
527,Brian Skinner
528,Bruno Sundov
529,Bryce Drew
530,Casey Shaw
531,Brad Miller
532,Bonzi Wells
533,Charles R. Jones
534,Corey Benjamin
535,Cory Carr
536,Cuttino Mobley
537,Damon Jones
538,Charles Shackleford
539,Chris King
540,Toby Bailey
541,Thurl Bailey
542,Trevor Winter
543,Vladimir Stepania
544,Vince Carter
545,Tyson Wheeler
546,Tyronn Lue
547,Tyrone Nesby
548,Al Harrington
549,Alvin Sims
550,Andrae Patterson
551,Andrew Gaze
552,Antawn Jamison
553,Anthony Avent
554,Adonis Jordan
555,Mark Macon
556,Marlon Garnett
557,Matt Harpring
558,Michael Dickerson
559,Michael Doleac
560,Michael Olowokandi
561,Mike Bibby
562,Mikki Moore
563,Miles Simon
564,Keon Clark
565,Korleone Young
566,Kornel David
567,Larry Hughes
568,Mark Baker
569,Ricky Davis
570,Robert Traylor
571,Roshown McLeod
572,Ruben Patterson
573,Ryan Stack
574,Sam Jacobson
575,Sean Marks
576,Nazr Mohammed
577,Negele Knight
578,Pat Garrity
579,Paul Grant
580,Paul Pierce
581,Peja Stojakovic
582,Peter Aluma
583,Raef LaFrentz
584,Randell Jackson
585,Rashard Lewis
586,Rasho Nesterovic
587,Kelly McCarty
588,Felipe Lopez
589,Gerald Brown
590,Gerard King
591,Dirk Nowitzki
592,Earl Boykins
593,Shammond Williams
594,Jerome James
595,John Coker
596,Jonathan Kerner
597,Jelani McCoy
598,Jeff Sheppard
599,J.R. Henderson
600,Jahidi White
601,Jason Williams
602,A.J. Bramlett
603,John Celestand
604,Eddie Robinson
605,Elton Brand
606,Evan Eschmeyer
607,DeMarco Johnson
608,Dedric Willoughby
609,Derek Hood
610,Derrick Dial
611,Devean George
612,Dion Glover
613,Fred Vinson
614,James Posey
615,Jason Miskiri
616,Jason Terry
617,Jeff Foster
618,Jermaine Jackson
619,Greg Buckner
620,Harold Jamison
621,Ira Bowman
622,Baron Davis
623,Adrian Griffin
624,Aleksandar Radojevic
625,Andre Miller
626,Anthony Carter
627,John Amaechi
628,Chucky Atkins
629,Corey Maggette
630,Chris Herren
631,Cal Bowdler
632,Calvin Booth
633,Scott Padgett
634,Shawn Marion
635,Steve Francis
636,Ryan Robertson
637,Richard Hamilton
638,Rick Hughes
639,Rodney Buford
640,Ryan Bowen
641,Vonteego Cummings
642,Wally Szczerbiak
643,Wayne Turner
644,Trajan Langdon
645,Thomas Hamilton
646,Tim James
647,Todd MacCulloch
648,Tim Young
649,John Salley
650,Lamar Odom
651,Lari Ketner
652,Laron Profit
653,Lazaro Borrell
654,Jonathan Bender
655,Jumaine Jones
656,Kenny Thomas
657,William Avery
658,Obinna Ekezie
659,Quincy Lewis
660,Rafer Alston
661,Metta World Peace
662,Michael Ruffin
663,Milt Palacio
664,Mirsad Turkcan
665,Jamal Crawford
666,Jamel Thomas
667,Donnell Harvey
668,Dragan Tarlac
669,Eddie Gill
670,Eddie House
671,Eduardo Najera
672,Desmond Mason
673,Daniel Santiago
674,Darius Miles
675,David Vanterpool
676,DeShawn Stevenson
677,DerMarr Johnson
678,Dan McClintock
679,Zendon Hamilton
680,Wang Zhi-zhi
681,Hedo Turkoglu
682,Hanno Mottola
683,Erick Barkley
684,Garth Joseph
685,Art Long
686,Andy Panko
687,Jamal Robinson
688,Ira Newble
689,Jabari Smith
690,Jake Tsakalidis
691,Jake Voskuhl
692,Jamaal Magloire
693,A.J. Guyton
694,Dan Langhi
695,Chris Mihm
696,Chris Porter
697,Courtney Alexander
698,Dalibor Bagaric
699,Brian Cardinal
700,Mark Blount
701,Marcus Fizer
702,Marc Jackson
703,Mamadou N'diaye
704,Lee Nailon
705,Lavor Postell
706,Mark Madsen
707,Mateen Cleaves
708,Mike Smith
709,Mike Penberthy
710,Mike Miller
711,Michael Redd
712,Joel Przybilla
713,Jerome Moiso
714,Jason Hart
715,Jason Collier
716,Khalid El-Amin
717,Keyon Dooling
718,Kenyon Martin
719,Steve Goodrich
720,Stephen Jackson
721,Soumaila Samake
722,Slava Medvedenko
723,Sean Colson
724,Stromile Swift
725,Terrance Roberson
726,Morris Peterson
727,Raja Bell
728,Quentin Richardson
729,Paul McPherson
730,Olumide Oyedeji
731,Pepe Sanchez
732,Ruben Wolkowyski
733,Ruben Garces
734,Mike James
735,Michael Bradley
736,Mengke Bateer
737,Maurice Evans
738,Primoz Brezec
739,Predrag Drobnjak
740,Pau Gasol
741,Oscar Torres
742,Norman Richardson
743,Kenny Satterfield
744,Kedrick Brown
745,Joseph Forte
746,Malik Allen
747,Loren Woods
748,Kirk Haston
749,Kwame Brown
750,Leon Smith
751,Trenton Hassell
752,Tremaine Fowlkes
753,Tony Parker
754,Tierre Brown
755,Terence Morris
756,Troy Murphy
757,Zeljko Rebraca
758,Zach Randolph
759,Will Solomon
760,Vladimir Radmanovic
761,Victor Alexander
762,Tyson Chandler
763,Tang Hamilton
764,Ruben Boumtje-Boumtje
765,Rodney White
766,Richard Jefferson
767,Ratko Varda
768,Samuel Dalembert
769,Steven Hunter
770,Speedy Claxton
771,Shane Battier
772,Joe Johnson
773,Chris Andersen
774,Charlie Bell
775,Carlos Arroyo
776,DeSagana Diop
777,Damone Brown
778,Ansu Sesay
779,Andrei Kirilenko
780,Alvin Jones
781,Alton Ford
782,Brian Scalabrine
783,Brendan Haywood
784,Brandon Armstrong
785,Antonis Fotsis
786,Bobby Simmons
787,Dean Oliver
788,Ike Fontaine
789,Jamaal Tinsley
790,Joe Crispin
791,Jeryl Sasser
792,Jeff Trepagnier
793,Jason Richardson
794,Jason Collins
795,Jarron Collins
796,Jamison Brewer
797,Eddie Griffin
798,Earl Watson
799,Eddy Curry
800,Gilbert Arenas
801,Gerald Wallace
802,Etan Thomas
803,Ernest Brown
804,John Salmons
805,Jiri Welsch
806,Cezary Trybanski
807,Casey Jacobsen
808,Caron Butler
809,Carlos Boozer
810,Chris Jefferies
811,Dajuan Wagner
812,Chris Wilcox
813,Chris Owens
814,Amar'e Stoudemire
815,Adam Harrington
816,Dan Dickau
817,Bostjan Nachbar
818,Antoine Rigaudeau
819,Dan Gadzuric
820,J.R. Bremer
821,Igor Rakocevic
822,Guy Rucker
823,Gordan Giricek
824,Jay Williams
825,Jared Jeffries
826,Jannero Pargo
827,Jamal Sampson
828,Fred Jones
829,Frank Williams
830,Devin Brown
831,Drew Gooden
832,Flip Murray
833,Efthimios Rentzias
834,Sean Lampley
835,Smush Parker
836,Ryan Humphrey
837,Rasual Butler
838,Reggie Evans
839,Robert Archibald
840,Roger Mason Jr.
841,Vincent Yarbrough
842,Yao Ming
843,Tamar Slay
844,Tayshaun Prince
845,Tito Maddox
846,Lonny Baxter
847,Maceo Baston
848,Manu Ginobili
849,Marcus Haislip
850,Juaquin Hawkins
851,Juan Dixon
852,Junior Harrington
853,Kareem Rush
854,Ken Johnson
855,Marko Jaric
856,Nate Huffman
857,Nene
858,Nikoloz Tskitishvili
859,Pat Burke
860,Paul Shirley
861,Predrag Savovic
862,Qyntel Woods
863,Mehmet Okur
864,Melvin Ely
865,Mike Wilks
866,Mike Dunleavy
867,Mike Batiste
868,Michael Sweetney
869,Mickael Pietrus
870,Mo Williams
871,Maurice Carter
872,Omar Cook
873,Ndudi Ebi
874,Matt Barnes
875,LeBron James
876,Kyle Korver
877,Kirk Penney
878,Kirk Hinrich
879,Leandro Barbosa
880,Kendrick Perkins
881,Matt Carroll
882,Marquis Daniels
883,Marcus Banks
884,Maciej Lampe
885,Luke Walton
886,Luke Ridnour
887,Linton Johnson
888,Zarko Cabarkapa
889,Travis Outlaw
890,Travis Hansen
891,Torraye Braggs
892,Theron Smith
893,T.J. Ford
894,Troy Bell
895,Zoran Planinic
896,Zaza Pachulia
897,Keith McLeod
898,Willie Green
899,Udonis Haslem
900,Ronald Dupree
901,Richie Frahm
902,Reece Gaines
903,Raul Lopez
904,Steve Blake
905,Slavko Vranes
906,Sasha Pavlovic
907,Keith Bogans
908,Desmond Penigar
909,Chris Kaman
910,Chris Bosh
911,Carmelo Anthony
912,David West
913,Darko Milicic
914,Darius Songaila
915,Dahntay Jones
916,Curtis Borchardt
917,Alex Garcia
918,Britton Johnsen
919,Brian Cook
920,Brandon Hunter
921,Boris Diaw
922,Ben Handlogten
923,Jason Kapono
924,Jarvis Hayes
925,James Jones
926,Kaniel Dickens
927,Josh Howard
928,Josh Davis
929,Jerome Beasley
930,Ime Udoka
931,Dwyane Wade
932,Desmond Ferguson
933,Hiram Fuller
934,Francisco Elson
935,Emeka Okafor
936,Erik Daniels
937,Geno Carlisle
938,Yuta Tabuse
939,Devin Harris
940,Donta Smith
941,Dorell Wright
942,Dwight Howard
943,Delonte West
944,Shaun Livingston
945,Tony Allen
946,Viktor Khryapa
947,Trevor Ariza
948,Tony Bobbitt
949,Sebastian Telfair
950,Antonio Burks
951,Awvee Storey
952,Ben Gordon
953,Beno Udrih
954,Bernard Robinson
955,Billy Thomas
956,Brandin Knight
957,Al Jefferson
958,Anderson Varejao
959,Andre Barrett
960,Andre Emmett
961,Andre Iguodala
962,Andres Nocioni
963,Andris Biedrins
964,Corsley Edwards
965,DJ Mbenga
966,Damien Wilkins
967,David Harrison
968,Carlos Delfino
969,Chris Duhon
970,Justin Reed
971,Josh Smith
972,Josh Childress
973,John Edwards
974,Lionel Chalmers
975,Kris Humphries
976,Kirk Snyder
977,Kevin Martin
978,Jackson Vroman
979,Jackie Butler
980,JR Smith
981,Ibrahim Kutluay
982,Horace Jenkins
983,Ha Ha
984,Jameer Nelson
985,James Thomas
986,Jared Reiner
987,Luis Flores
988,Rafael Araujo
989,Quinton Ross
990,Peter John Ramos
991,Pavel Podkolzin
992,Pape Sow
993,Luke Jackson
994,Royal Ivey
995,Robert Swift
996,Sasha Vujacic
997,Nick Collison
998,Matt Freije
999,Matt Bonner
1000,Mark Jones
1001,Mario Kasun
1002,Luol Deng
1003,Maurice Baker
1004,Nenad Krstic
1005,Eddie Basden
1006,Fabricio Oberto
1007,Esteban Batista
1008,Francisco Garcia
1009,Gerald Fitch
1010,Deng Gai
1011,Deron Williams
1012,Derrick Zimmerman
1013,Earl Barron
1014,Devin Green
1015,Dijon Thompson
1016,Donell Taylor
1017,Dwayne Jones
1018,Gerald Green
1019,James Singleton
1020,Jason Maxiell
1021,Joey Graham
1022,Johan Petro
1023,John Lucas III
1024,Jarrett Jack
1025,Hakim Warrick
1026,Ike Diogu
1027,David Lee
1028,Anthony Grundy
1029,Anthony Roberson
1030,Antoine Wright
1031,Arvydas Macijauskas
1032,Boniface Ndong
1033,Alan Anderson
1034,Alex Acker
1035,Alex Scales
1036,Amir Johnson
1037,Andray Blatche
1038,Andre Owens
1039,Andrew Bogut
1040,Andrew Bynum
1041,Bracey Wright
1042,Brandon Bass
1043,Chuck Hayes
1044,Daniel Ewing
1045,Danny Granger
1046,Chris Taft
1047,Chris Paul
1048,CJ Miles
1049,Channing Frye
1050,Charlie Villanueva
1051,Ronnie Price
1052,Ronny Turiaf
1053,Ryan Gomes
1054,Salim Stoudamire
1055,Sarunas Jasikevicius
1056,Sean May
1057,Sergei Monia
1058,Sharrod Ford
1059,Robert Whaley
1060,Randy Holcomb
1061,Rashad McCants
1062,Rawle Marshall
1063,Raymond Felton
1064,Shavlik Randolph
1065,Von Wafer
1066,Wayne Simien
1067,Will Bynum
1068,Yaroslav Korolev
1069,Aaron Miles
1070,Stephen Graham
1071,Travis Diener
1072,Lawrence Roberts
1073,Linas Kleiza
1074,Lou Williams
1075,Luke Schenscher
1076,Luther Head
1077,Jose Calderon
1078,Josh Powell
1079,Julius Hodge
1080,Kevin Burleson
1081,Monta Ellis
1082,Nate Robinson
1083,Noel Felix
1084,Martell Webster
1085,Martynas Andriuskevicius
1086,Marvin Williams
1087,Matt Walsh
1088,Melvin Sanders
1089,Orien Greene
1090,James Augustine
1091,James Lang
1092,James White
1093,Hassan Adams
1094,Hilton Armstrong
1095,Ivan McFarlin
1096,J.J. Barea
1097,JJ Redick
1098,Josh Boone
1099,Justin Williams
1100,Kelenna Azubuike
1101,Jorge Garbajosa
1102,Jordan Farmar
1103,Jeremy Richardson
1104,Daniel Gibson
1105,David Noel
1106,Chris Quinn
1107,Craig Smith
1108,Damir Markota
1109,Ersan Ilyasova
1110,Desmon Farmer
1111,Rajon Rondo
1112,Randolph Morris
1113,Randy Foye
1114,Renaldo Balkman
1115,Quincy Douby
1116,PJ Tucker
1117,Patrick O'Bryant
1118,Paul Davis
1119,Paul Millsap
1120,Pops Mensah-Bonsu
1121,Renaldo Major
1122,Sergio Rodriguez
1123,Shannon Brown
1124,Shawne Williams
1125,Shelden Williams
1126,Robert Hite
1127,Rodney Carney
1128,Roger Powell
1129,Ronnie Brewer
1130,Rudy Gay
1131,Ryan Hollins
1132,Lou Amundson
1133,Lynn Greer
1134,Leon Powe
1135,Kevinn Pinkney
1136,Kyle Lowry
1137,LaMarcus Aldridge
1138,Marcus Vinicius
1139,Marcus Williams
1140,Mickael Gelabale
1141,Mike Hall
1142,Mile Ilic
1143,Mouhamed Sene
1144,Mardy Collins
1145,Maurice Ager
1146,Chris McCray
1147,Thabo Sefolosha
1148,Tarence Kinsey
1149,Steve Novak
1150,Adam Morrison
1151,Alexander Johnson
1152,Yakhouba Diawara
1153,Will Conroy
1154,Will Blalock
1155,Walter Herrmann
1156,Vassilis Spanoulis
1157,Uros Slokar
1158,Tyrus Thomas
1159,Allan Ray
1160,Solomon Jones
1161,Brandon Roy
1162,Cedric Bozeman
1163,Cedric Simmons
1164,Bobby Jones
1165,Andre Brown
1166,Andrea Bargnani
1167,Andreas Glyniadakis
1168,Dominic McGuire
1169,Darius Washington
1170,Daequan Cook
1171,Darryl Watkins
1172,Demetris Nichols
1173,DJ Strawberry
1174,Jamario Moon
1175,Jared Dudley
1176,Gabe Pruitt
1177,Guillermo Diaz
1178,Ian Mahinmi
1179,Glen Davis
1180,Arron Afflalo
1181,Blake Ahearn
1182,Aaron Brooks
1183,Aaron Gray
1184,Acie Law
1185,Al Horford
1186,Al Thornton
1187,Alando Tucker
1188,Cheikh Samb
1189,Chris Richard
1190,Coby Karl
1191,Corey Brewer
1192,Courtney Sims
1193,Brandan Wright
1194,C.J. Watson
1195,Carl Landry
1196,Jason Smith
1197,Nick Fazekas
1198,Nick Young
1199,Oleksiy Pecherov
1200,Mike Conley
1201,Mike Harris
1202,Morris Almond
1203,Sean Williams
1204,Ramon Sessions
1205,Rodney Stuckey
1206,Josh McRoberts
1207,Juan Carlos Navarro
1208,Julian Wright
1209,Kasib Powell
1210,Keith Langford
1211,Kevin Durant
1212,Javaris Crittenton
1213,Jeff Green
1214,Jermareo Davidson
1215,Joakim Noah
1216,Joel Anthony
1217,Marcin Gortat
1218,Marco Belinelli
1219,Mario West
1220,Kosta Perovic
1221,Kyrylo Fesenko
1222,Lance Allred
1223,Luis Scola
1224,Taurean Green
1225,Thaddeus Young
1226,Thomas Gardner
1227,Yi Jianlian
1228,Wilson Chandler
1229,Spencer Hawes
1230,Stephane Lasme
1231,Sean Singletary
1232,Ryan Anderson
1233,Russell Westbrook
1234,Rudy Fernandez
1235,Nathan Jawai
1236,JaVale McGee
1237,JJ Hickson
1238,J.R. Giddens
1239,Hamed Haddadi
1240,Henry Walker
1241,Walter Sharpe
1242,Greg Oden
1243,Eric Gordon
1244,George Hill
1245,Goran Dragic
1246,Steven Hill
1247,Sun Sun
1248,Sonny Weems
1249,Trey Johnson
1250,Mike Taylor
1251,Roy Hibbert
1252,Michael Beasley
1253,Mario Chalmers
1254,Marreese Speights
1255,Roko Ukic
1256,O.J. Mayo
1257,Nicolas Batum
1258,Othello Hunter
1259,Robin Lopez
1260,Rob Kurz
1261,Joey Dorsey
1262,Joe Crawford
1263,Jason Thompson
1264,Jawad Williams
1265,Jerryd Bayless
1266,Joe Alexander
1267,Luc Mbah a Moute
1268,Malik Hairston
1269,Marc Gasol
1270,Kevin Love
1271,Kosta Koufos
1272,Kyle Weaver
1273,Danilo Gallinari
1274,DJ White
1275,D.J. Augustin
1276,Courtney Lee
1277,Chris Douglas-Roberts
1278,Darnell Jackson
1279,Donte Greene
1280,Dontell Jefferson
1281,Darrell Arthur
1282,DeAndre Jordan
1283,DeMarcus Nelson
1284,Derrick Rose
1285,Cartier Martin
1286,Anthony Morrow
1287,Anthony Randolph
1288,Alexis Ajinca
1289,Anthony Tolliver
1290,Brook Lopez
1291,Brandon Rush
1292,Bobby Brown
1293,Rodrigue Beaubois
1294,Chris Hunter
1295,Othyus Jeffers
1296,Omri Casspi
1297,Oliver Lafayette
1298,Patty Mills
1299,Trey Gilder
1300,Toney Douglas
1301,Ty Lawson
1302,Tyler Hansbrough
1303,Wesley Matthews
1304,Wayne Ellington
1305,Tyreke Evans
1306,Terrence Williams
1307,Taylor Griffin
1308,Serge Ibaka
1309,Sam Young
1310,Taj Gibson
1311,Sundiata Gaines
1312,Stephen Curry
1313,Danny Green
1314,Darren Collison
1315,David Andersen
1316,Dante Cunningham
1317,DaJuan Summers
1318,AJ Price
1319,DeJuan Blair
1320,Earl Clark
1321,Eric Maynor
1322,DeMar DeRozan
1323,DeMarre Carroll
1324,Derrick Brown
1325,Byron Mullens
1326,Brandon Jennings
1327,Chase Budinger
1328,Cedric Jackson
1329,Alonzo Gee
1330,Austin Daye
1331,Antonio Anderson
1332,Jon Brockman
1333,Jonas Jerebko
1334,Jonny Flynn
1335,Jordan Hill
1336,Jrue Holiday
1337,Marcus Thornton
1338,Marcus Landry
1339,Lester Hudson
1340,James Harden
1341,James Johnson
1342,Hasheem Thabeet
1343,Garrett Temple
1344,Gerald Henderson
1345,Jeff Teague
1346,Jermaine Taylor
1347,Jeff Ayres
1348,Jodie Meeks
1349,JamesOn Curry
1350,Dominique Jones
1351,Chris Johnson
1352,Christian Eyenga
1353,Craig Brackins
1354,Cole Aldrich
1355,Blake Griffin
1356,Damion James
1357,Dexter Pittman
1358,Devin Ebanks
1359,DeMarcus Cousins
1360,Derrick Caracter
1361,Derrick Favors
1362,Ben Uzoh
1363,Timofey Mozgov
1364,Tiago Splitter
1365,Trevor Booker
1366,Zabian Dowdell
1367,Xavier Henry
1368,Willie Warren
1369,Wesley Johnson
1370,Solomon Alabi
1371,Andy Rautins
1372,Armon Johnson
1373,Avery Bradley
1374,Semih Erden
1375,Samardo Samuels
1376,Al-Farouq Aminu
1377,Sherron Collins
1378,Kevin Seraphin
1379,Lance Stephenson
1380,Landry Fields
1381,Jeremy Evans
1382,Jeremy Lin
1383,John Wall
1384,Jordan Crawford
1385,Larry Owens
1386,Larry Sanders
1387,Lazar Hayward
1388,Mustafa Shakur
1389,Jeff Adrien
1390,Luke Babbitt
1391,Luke Harangody
1392,Manny Harris
1393,Marcus Cousin
1394,Ed Davis
1395,Ekpe Udoh
1396,Eric Bledsoe
1397,Evan Turner
1398,Gani Lawal
1399,Garret Siler
1400,Gary Forbes
1401,Gary Neal
1402,Quincy Pondexter
1403,Pooh Jeter
1404,Paul George
1405,Patrick Patterson
1406,Pape Sy
1407,Omer Asik
1408,Nikola Pekovic
1409,Gordon Hayward
1410,Greg Monroe
1411,James Anderson
1412,Greivis Vasquez
1413,Hamady Ndiaye
1414,Hassan Whiteside
1415,Ish Smith
1416,Gustavo Ayon
1417,Greg Stiemsma
1418,Greg Smith
1419,JaJuan Johnson
1420,Ivan Johnson
1421,Isaiah Thomas
1422,Iman Shumpert
1423,Carldell Johnson
1424,Brandon Knight
1425,Chris Wright
1426,Chris Singleton
1427,Charles Jenkins
1428,Chandler Parsons
1429,Alec Burks
1430,Andrew Goudelock
1431,Bismack Biyombo
1432,Donald Sloan
1433,E'Twaun Moore
1434,Derrick Williams
1435,Derrick Byars
1436,Eric Dawson
1437,Enes Kanter
1438,Elliot Williams
1439,Edwin Ubiles
1440,Dennis Horner
1441,D.J. Kennedy
1442,Courtney Fortson
1443,Cory Joseph
1444,Cory Higgins
1445,Daniel Orton
1446,DeAndre Liggins
1447,Darius Morris
1448,Darington Hobson
1449,Reggie Jackson
1450,Ricky Rubio
1451,Ryan Reid
1452,Mickell Gladness
1453,Mychel Thompson
1454,Norris Cole
1455,Nolan Smith
1456,Nikola Vucevic
1457,Travis Leslie
1458,Trey Thompkins
1459,Tristan Thompson
1460,Vernon Macklin
1461,Xavier Silas
1462,Walker Russell
1463,Shelvin Mack
1464,Tobias Harris
1465,Terrel Harris
1466,Tyler Honeycutt
1467,Jon Leuer
1468,Jordan Hamilton
1469,Jordan Williams
1470,Josh Harrellson
1471,Josh Selby
1472,Julyan Stone
1473,Justin Dentmon
1474,Justin Harper
1475,Jimmy Butler
1476,Jimmer Fredette
1477,Jan Vesely
1478,Jerry Smith
1479,Jerome Jordan
1480,Jerome Dyson
1481,Jeremy Tyler
1482,Kawhi Leonard
1483,Jeremy Pargo
1484,Jeff Foote
1485,Keith Benson
1486,Malcolm Lee
1487,Malcolm Thomas
1488,MarShon Brooks
1489,Marcus Morris
1490,Markieff Morris
1491,Klay Thompson
1492,Kemba Walker
1493,Kenneth Faried
1494,Lavoy Allen
1495,Lance Thomas
1496,Kyrie Irving
1497,Scott Machado
1498,Perry Jones III
1499,Quincy Acy
1500,Quincy Miller
1501,Robert Sacre
1502,Terrence Ross
1503,Will Barton
1504,Josh Akognon
1505,Jonas Valanciunas
1506,Victor Claver
1507,Viacheslav Kravtsov
1508,Thomas Robinson
1509,Tim Ohlbrecht
1510,Terrence Jones
1511,Tony Wroten
1512,Tyler Zeller
1513,Tyshawn Taylor
1514,Tornike Shengelia
1515,Kris Joseph
1516,Kyle O'Quinn
1517,Kyle Singler
1518,Kim English
1519,Justin Holiday
1520,Kendall Marshall
1521,Kent Bazemore
1522,Kevin Jones
1523,Kevin Murphy
1524,Khris Middleton
1525,Luke Zeller
1526,Mike Scott
1527,Miles Plumlee
1528,Mirza Teletovic
1529,Nando De Colo
1530,Orlando Johnson
1531,Pablo Prigioni
1532,Patrick Beverley
1533,Maalik Wayns
1534,Marquis Teague
1535,Maurice Harkless
1536,Meyers Leonard
1537,Michael Kidd-Gilchrist
1538,John Henson
1539,Evan Fournier
1540,Fab Melo
1541,Festus Ezeli
1542,DeQuan Jones
1543,Dion Waiters
1544,Donatas Motiejunas
1545,Doron Lamb
1546,Draymond Green
1547,Diante Garrett
1548,Jared Cunningham
1549,Jared Sullinger
1550,Jarvis Varnado
1551,Jeffery Taylor
1552,Jeremy Lamb
1553,John Jenkins
1554,Harrison Barnes
1555,Henry Sims
1556,Jae Crowder
1557,Arnett Moultrie
1558,Aron Baynes
1559,Austin Rivers
1560,Ben Hansbrough
1561,Bernard James
1562,Bradley Beal
1563,Brian Roberts
1564,Anthony Davis
1565,Alexey Shved
1566,Andre Drummond
1567,Andrew Nicholson
1568,Damian Lillard
1569,Darius Johnson-Odom
1570,Darius Miller
1571,Chris Copeland
1572,Joel Freeland
1573,Otto Porter Jr.
1574,Brandon Davies
1575,Ben McLemore
1576,Reggie Bullock
1577,Ray McCallum
1578,Phil Pressey
1579,Peyton Siva
1580,Pero Antic
1581,Carrick Felix
1582,DJ Stephens
1583,Dennis Schroder
1584,Ricky Ledo
1585,Casper Ware
1586,Chris Babb
1587,Chris Smith
1588,Cody Zeller
1589,CJ McCollum
1590,Robert Covington
1591,Victor Oladipo
1592,Vander Blue
1593,Vitor Faverani
1594,Trey Burke
1595,Toure' Murry
1596,Tony Snell
1597,Tony Mitchell
1598,Troy Daniels
1599,Andre Roberson
1600,Anthony Bennett
1601,Archie Goodwin
1602,Arinze Onuaku
1603,Shabazz Muhammad
1604,Seth Curry
1605,Sergey Karasev
1606,Scotty Hopson
1607,Ryan Kelly
1608,Royce White
1609,Rudy Gobert
1610,Shane Edwards
1611,Shane Larkin
1612,Tim Hardaway Jr.
1613,Steven Adams
1614,Solomon Hill
1615,Robbie Hummel
1616,James Nunnally
1617,James Southerland
1618,Mason Plumlee
1619,Lorenzo Brown
1620,Justin Hamilton
1621,Kelly Olynyk
1622,Kentavious Caldwell-Pope
1623,Jorge Gutierrez
1624,Jeff Withey
1625,Matthew Dellavedova
1626,Gal Mekel
1627,Giannis Antetokounmpo
1628,Gigi Datome
1629,Gorgui Dieng
1630,Erik Murphy
1631,Dewayne Dedmon
1632,Dionte Christmas
1633,Elias Harris
1634,Dwight Buycks
1635,Nick Calathes
1636,Nemanja Nedovic
1637,Nate Wolters
1638,Miroslav Raduljica
1639,Mike Muscala
1640,Michael Carter-Williams
1641,Hollis Thompson
1642,Ian Clark
1643,Isaiah Canaan
1644,Ognjen Kuzmic
1645,Jamaal Franklin
1646,Adonis Thomas
1647,Allen Crabbe
1648,Alex Len
1649,Jordan Adams
1650,Julius Randle
1651,Jusuf Nurkic
1652,KJ McDaniels
1653,Kalin Lucas
1654,Jerrelle Benimon
1655,Joe Harris
1656,Johnny O'Bryant III
1657,Joe Ingles
1658,Joffrey Lauvergne
1659,Langston Galloway
1660,Larry Drew II
1661,Lucas Nogueira
1662,Kostas Papanikolaou
1663,Kyle Anderson
1664,Jerel McNeal
1665,Glenn Robinson III
1666,Grant Jerrett
1667,Elfrid Payton
1668,Elijah Millsap
1669,Eric Moreland
1670,Erick Green
1671,Furkan Aldemir
1672,Gary Harris
1673,Jarnell Stokes
1674,James Young
1675,Jerami Grant
1676,James Michael McAdoo
1677,JaKarr Sampson
1678,JaMychal Green
1679,Jabari Brown
1680,Jabari Parker
1681,Jack Cooley
1682,James Ennis III
1683,Markel Brown
1684,Shayne Whittington
1685,Sim Bhullar
1686,Spencer Dinwiddie
1687,TJ Warren
1688,Tarik Black
1689,Russ Smith
1690,Shabazz Napier
1691,Sean Kilpatrick
1692,Tim Frazier
1693,Will Cherry
1694,Zach LaVine
1695,Zoran Dragic
1696,Travis Wear
1697,Tyler Ennis
1698,Tyler Johnson
1699,Rodney Hood
1700,Mitch McGary
1701,Nerlens Noel
1702,Nick Johnson
1703,Marcus Smart
1704,Nik Stauskas
1705,Nikola Mirotic
1706,Noah Vonleh
1707,PJ Hairston
1708,Patrick Christopher
1709,Jordan Clarkson
1710,Bojan Bogdanovic
1711,Bruno Caboclo
1712,Bryce Cotton
1713,CJ Wilcox
1714,Cameron Bairstow
1715,Aaron Gordon
1716,Adreian Payne
1717,Andre Dawkins
1718,Andrew Wiggins
1719,Alex Kirk
1720,David Stockton
1721,David Wear
1722,Devyn Marble
1723,Doug McDermott
1724,Drew Gordon
1725,Dwight Powell
1726,Cleanthony Early
1727,Clint Capela
1728,Dante Exum
1729,Damjan Rudez
1730,Cory Jefferson
1731,Mario Hezonja
1732,Marcelo Huertas
1733,Nemanja Bjelica
1734,Norman Powell
1735,Nikola Jokic
1736,Myles Turner
1737,Montrezl Harrell
1738,Luis Montero
1739,Kelly Oubre Jr.
1740,Keith Appling
1741,Karl-Anthony Towns
1742,Justise Winslow
1743,Justin Anderson
1744,Josh Richardson
1745,Josh Huestis
1746,Kevon Looney
1747,Larry Nance Jr.
1748,Lamar Patterson
1749,Kristaps Porzingis
1750,Tibor Pleiss
1751,Thanasis Antetokounmpo
1752,Terry Rozier
1753,T.J. McConnell
1754,Stanley Johnson
1755,Xavier Munford
1756,Willie Reed
1757,Willie Cauley-Stein
1758,Tyus Jones
1759,Trey Lyles
1760,Raul Neto
1761,Rashad Vaughn
1762,Rakeem Christmas
1763,RJ Hunter
1764,Pat Connaughton
1765,Richaun Holmes
1766,Sasha Kaun
1767,Sam Dekker
1768,Salah Mejri
1769,Rondae Hollis-Jefferson
1770,Jordan Mickey
1771,Emmanuel Mudiay
1772,Frank Kaminsky
1773,Delon Wright
1774,Devin Booker
1775,Duje Dukan
1776,Edy Tavares
1777,Jarell Martin
1778,Jarell Eddie
1779,Jerian Grant
1780,Joe Young
1781,JJ O'Brien
1782,Jahlil Okafor
1783,Anthony Brown
1784,Axel Toupane
1785,Boban Marjanovic
1786,Bobby Portis
1787,Jonathon Simmons
1788,Aaron Harrison
1789,Alan Williams
1790,Alex Stepheson
1791,Jordan McRae
1792,Christian Wood
1793,Cliff Alexander
1794,Coty Clarke
1795,Cristiano Felicio
1796,Damien Inglis
1797,Darrun Hilliard
1798,D'Angelo Russell
1799,Chris McCullough
1800,Branden Dawson
1801,Briante Weber
1802,Bryce Dejean-Jones
1803,Cameron Payne
1804,Tyler Ulis
1805,Troy Williams
1806,Wade Baldwin IV
1807,Treveon Graham
1808,Tomas Satoransky
1809,Timothe Luwawu-Cabarrot
1810,Wayne Selden
1811,Jonathan Gibson
1812,Yogi Ferrell
1813,Willy Hernangomez
1814,Tim Quarterman
1815,Semaj Christon
1816,Rodney McGruder
1817,Ron Baker
1818,Thon Maker
1819,Taurean Prince
1820,Stephen Zimmerman
1821,Skal Labissiere
1822,Sheldon Mac
1823,Shawn Long
1824,Juancho Hernangomez
1825,Marcus Georges-Hunt
1826,Marquese Chriss
1827,Marshall Plumlee
1828,Maurice Ndour
1829,Michael Gbinije
1830,Malik Beasley
1831,Kyle Wiltjer
1832,Malachi Richardson
1833,Malcolm Brogdon
1834,Malcolm Delaney
1835,Mike Tobey
1836,AJ Hammons
1837,Kay Felder
1838,Mindaugas Kuzminskas
1839,Nicolas Brussino
1840,Nicolas Laprovittola
1841,Okaro White
1842,Pascal Siakam
1843,Danuel House
1844,Daniel Ochefu
1845,Damian Jones
1846,Dario Saric
1847,Chinanu Onuaku
1848,Cheick Diallo
1849,Chasson Randle
1850,Diamond Stone
1851,Deyonta Davis
1852,Derrick Jones Jr.
1853,Denzel Valentine
1854,Demetrius Jackson
1855,Dejounte Murray
1856,DeAndre' Bembry
1857,Davis Bertans
1858,David Nwaba
1859,Domantas Sabonis
1860,Caris LeVert
1861,Andrew Harrison
1862,Alex Poythress
1863,Alex Abrines
1864,Ben Bentil
1865,Buddy Hield
1866,Bryn Forbes
1867,Brice Johnson
1868,Brandon Ingram
1869,Jaylen Brown
1870,Jarrod Uthoff
1871,Quinn Cook
1872,Pierre Jackson
1873,Paul Zipser
1874,Patrick McCaw
1875,Patricio Garino
1876,Joel Embiid
1877,Joel Bolomboy
1878,Dorian Finney-Smith
1879,Jamal Murray
1880,Jakob Poeltl
1881,Georgios Papagiannis
1882,Georges Niang
1883,Gary Payton II
1884,Fred VanVleet
1885,Dragan Bender
1886,Jake Layman
1887,Ivica Zubac
1888,Isaiah Whitehead
1889,Isaiah Taylor
1890,Henry Ellenson
1891,Kris Dunn
1892,Dwayne Bacon
1893,Donovan Mitchell
1894,Dillon Brooks
1895,Devin Robinson
1896,Derrick White
1897,Derrick Walton Jr.
1898,Dennis Smith Jr.
1899,Gian Clavell
1900,Furkan Korkmaz
1901,Frank Ntilikina
1902,Frank Mason
1903,Erik McCree
1904,Edmond Sumner
1905,Chris Boucher
1906,Charles Cooke
1907,Cedi Osman
1908,Caleb Swanigan
1909,C.J. Williams
1910,Brandon Paul
1911,De'Aaron Fox
1912,Davon Reed
1913,Daniel Theis
1914,Daniel Hamilton
1915,Damyean Dotson
1916,Damion Lee
1917,Dakari Johnson
1918,D.J. Wilson
1919,Danuel House Jr.
1920,Jonathan Isaac
1921,Guerschon Yabusele
1922,Jarrett Allen
1923,Jamil Wilson
1924,James Webb III
1925,Jamel Artis
1926,Jameel Warney
1927,Jalen Jones
1928,Bogdan Bogdanovic
1929,Ben Simmons
1930,Ben Moore
1931,Johnathan Motley
1932,John Holland
1933,John Collins
1934,Jayson Tatum
1935,Jaylen Morris
1936,Jawun Evans
1937,Bam Adebayo
1938,Jacob Wiley
1939,Jacob Pullen
1940,Jabari Bird
1941,Ivan Rabb
1942,Isaiah Hicks
1943,Ike Anigbogu
1944,Aaron Jackson
1945,Abdel Nader
1946,Antonius Cleveland
1947,Antonio Blakeney
1948,Ante Zizic
1949,Andrew White III
1950,Andre Ingram
1951,Alfonzo McKinnie
1952,Alex Caruso
1953,Alec Peters
1954,Jordan Bell
1955,Tyrone Wallace
1956,Tyler Lydon
1957,Tyler Dorsey
1958,Tyler Cavanaugh
1959,Xavier Rathan-Mayes
1960,Wes Iwundu
1961,Walt Lemon Jr.
1962,Vincent Hunter
1963,Trey McKinney-Jones
1964,Terrance Ferguson
1965,TJ Leaf
1966,T.J. Warren
1967,Sterling Brown
1968,Torrey Craig
1969,Tony Bradley
1970,Thomas Bryant
1971,Zach Collins
1972,Marcus Morris Sr.
1973,Marcus Paige
1974,Markelle Fultz
1975,Mangok Mathiang
1976,Lonzo Ball
1977,Luke Kennard
1978,Luke Kornet
1979,Malcolm Miller
1980,Malik Monk
1981,Myke Henry
1982,Naz Mitrou-Long
1983,Nigel Hayes
1984,Zhou Qi
1985,Monte Morris
1986,Milton Doyle
1987,Matt Costello
1988,Matt Williams Jr.
1989,Maxi Kleber
1990,Milos Teodosic
1991,Sindarius Thornwell
1992,Josh Magette
1993,Josh Jackson
1994,Justin Jackson
1995,Josh Hart
1996,Lauri Markkanen
1997,Josh Gray
1998,Justin Patton
1999,Khem Birch
2000,Kobi Simmons
2001,Kyle Collinsworth
2002,Kyle Kuzma
2003,Kadeem Allen
2004,London Perrantes
2005,P.J. Tucker
2006,Reggie Hearn
2007,PJ Dozier
2008,Omari Johnson
2009,Shaquille Harrison
2010,Semi Ojeleye
2011,Ryan Arcidiacono
2012,OG Anunoby
2013,Royce O'Neale
2014,Rodney Purvis
2015,Tahjere McCall
2016,Svi Mykhailiuk
2017,Rodions Kurucs
2018,Robert Williams III
2019,Ray Spalding
2020,Rawle Alkins
2021,Shake Milton
2022,Shai Gilgeous-Alexander
2023,Ryan Broekhoff
2024,Zach Lofton
2025,Yante Maten
2026,Yuta Watanabe
2027,Angel Delgado
2028,Anfernee Simons
2029,Amile Jefferson
2030,Allonzo Trier
2031,Alize Johnson
2032,Wendell Carter Jr.
2033,Trevon Duval
2034,Trae Young
2035,Thomas Welsh
2036,Theo Pinson
2037,Troy Caupain
2038,Vincent Edwards
2039,Tyler Davis
2040,Troy Brown Jr.
2041,Dzanan Musa
2042,Elie Okobo
2043,Emanuel Terry
2044,Frank Jackson
2045,Dusty Hannahs
2046,Drew Eubanks
2047,Devonte' Graham
2048,Donte DiVincenzo
2049,Donte Grantham
2050,Duncan Robinson
2051,Haywood Highsmith
2052,Isaac Bonga
2053,Isaac Humphries
2054,Isaiah Briscoe
2055,Isaiah Hartenstein
2056,J.P. Macura
2057,Harry Giles III
2058,Hamidou Diallo
2059,Gary Clark
2060,Gary Trent Jr.
2061,George King
2062,Grayson Allen
2063,Deonte Burton
2064,Cameron Reynolds
2065,Chandler Hutchison
2066,Chimezie Metu
2067,Bruce Brown
2068,Chris Chiozza
2069,BJ Johnson
2070,Billy Garrett
2071,Bonzie Colson
2072,Brad Wanamaker
2073,Brandon Goodwin
2074,Brandon Sampson
2075,Daryl Macon
2076,De'Anthony Melton
2077,DeVaughn Akoon-Purcell
2078,Deandre Ayton
2079,Deng Adel
2080,Collin Sexton
2081,Dairis Bertans
2082,Lonnie Walker IV
2083,Luka Doncic
2084,Marcus Derrickson
2085,Landry Shamet
2086,Khyri Thomas
2087,Kostas Antetokounmpo
2088,Moritz Wagner
2089,Omari Spellman
2090,Mo Bamba
2091,Mitchell Robinson
2092,Mitchell Creek
2093,Marvin Bagley III
2094,Kevin Knox II
2095,Melvin Frazier Jr.
2096,Mikal Bridges
2097,Miles Bridges
2098,Kevin Huerter
2099,Jaylen Adams
2100,Jemerrio Jones
2101,Jerome Robinson
2102,Jevon Carter
2103,Joe Chealey
2104,Jarred Vanderbilt
2105,Jacob Evans
2106,Jalen Brunson
2107,Jared Terrell
2108,Jaren Jackson Jr.
2109,Jaron Blossomgame
2110,Julian Washburn
2111,Keita Bates-Diop
2112,Kenrich Williams
2113,Josh Okogie
2114,Johnathan Williams
2115,Jonah Bolden
2116,Jordan Loyd
2117,Jordan Sibert
2118,Aaron Holiday
2119,Zhaire Smith
2120,Max Strus
2121,Matt Thomas
2122,Matt Mooney
2123,Matisse Thybulle
2124,Marques Bolden
2125,Marko Guduric
2126,Marial Shayok
2127,Malik Newman
2128,Mfiondu Kabengele
2129,Nigel Williams-Goss
2130,Nicolo Melli
2131,Nicolas Claxton
2132,Nickeil Alexander-Walker
2133,Naz Reid
2134,Nassir Little
2135,Mychal Mulder
2136,Moses Brown
2137,Miye Oni
2138,Michael Porter Jr.
2139,Michael Frazier II
2140,Luka Samanic
2141,Luguentz Dort
2142,Kendrick Nunn
2143,Keldon Johnson
2144,Kelan Martin
2145,KZ Okpala
2146,Juwan Morgan
2147,Justin Wright-Foreman
2148,Justin Robinson
2149,Justin James
2150,Juan Toscano-Anderson
2151,Josh Reaves
2152,Kevin Hervey
2153,Louis King
2154,Kyle Guy
2155,Kyle Alexander
2156,Ky Bowman
2157,Kevin Porter Jr.
2158,Norvel Pelle
2159,Tremont Waters
2160,Terence Davis
2161,Terance Mann
2162,Ty Jerome
2163,Tariq Owens
2164,Tyler Cook
2165,Zylan Cheatham
2166,Zion Williamson
2167,Zach Norvell Jr.
2168,William Howard
2169,Wenyen Gabriel
2170,Vlatko Cancar
2171,Vincent Poirier
2172,Vic Law
2173,Tyler Herro
2174,Talen Horton-Tucker
2175,Tacko Fall
2176,Rayjon Tucker
2177,RJ Barrett
2178,Quinndary Weatherspoon
2179,Paul Watson
2180,P.J. Washington
2181,Oshae Brissett
2182,Romeo Langford
2183,T.J. Leaf
2184,Stanton Kidd
2185,Shamorie Ponds
2186,Sekou Doumbouya
2187,Rui Hachimura
2188,Daniel Gafford
2189,DaQuan Jeffries
2190,Cody Martin
2191,Coby White
2192,Chris Silva
2193,Chris Clemons
2194,Darius Garland
2195,Dewan Hernandez
2196,Devontae Cacok
2197,Devon Hall
2198,Dean Wade
2199,De'Andre Hunter
2200,Darius Bazley
2201,Charlie Brown Jr.
2202,Anzejs Pasecniks
2203,Amir Coffey
2204,Alen Smailagic
2205,Admiral Schofield
2206,Adam Mokoka
2207,Carsen Edwards
2208,Cameron Johnson
2209,Cam Reddish
2210,Caleb Martin
2211,Bruno Fernando
2212,Brian Bowen II
2213,Brandon Clarke
2214,Bol Bol
2215,Jaxson Hayes
2216,Javonte Green
2217,Jarrett Culver
2218,Jarrell Brantley
2219,Jared Harper
2220,Jalen McDaniels
2221,Jalen Lecque
2222,Ja Morant
2223,Jaylen Hoard
2224,Jordan Poole
2225,Jordan McLaughlin
2226,Jordan Bone
2227,John Konchar
2228,Jeremiah Martin
2229,Jaylen Nowell
2230,Eric Paschall
2231,Eric Mika
2232,Donta Hall
2233,Isaiah Roby
2234,Ignas Brazdeikis
2235,Grant Williams
2236,Gabe Vincent
2237,Garrison Mathews
2238,Goga Bitadze
2239,Malachi Flynn
2240,Killian Tillie
2241,LaMelo Ball
2242,Killian Hayes
2243,Kira Lewis Jr.
2244,Lamar Stevens
2245,Malik Fitts
2246,Mamadi Diakite
2247,Markus Howard
2248,Mason Jones
2249,Jontay Porter
2250,James Wiseman
2251,Jay Scrubb
2252,Jordan Nwora
2253,Josh Green
2254,Keljin Blevins
2255,Kenyon Martin Jr.
2256,Karim Mane
2257,Josh Hall
2258,Naji Marshall
2259,Nate Darling
2260,Theo Maledon
2261,Tre Jones
2262,Trent Forrest
2263,Will Magnay
2264,Xavier Tillman
2265,Zeke Nnaji
2266,Vernon Carey Jr.
2267,Ty-Shon Alexander
2268,Tyler Bey
2269,Skylar Mays
2270,Tyrell Terry
2271,Tyrese Haliburton
2272,Udoka Azubuike
2273,Patrick Williams
2274,Paul Reed
2275,Onyeka Okongwu
2276,Obi Toppin
2277,Nate Hinton
2278,Nathan Knight
2279,Nick Richards
2280,Payton Pritchard
2281,Nico Mannion
2282,Precious Achiuwa
2283,Saben Lee
2284,Saddiq Bey
2285,Sam Merrill
2286,Sean McDermott
2287,R.J. Hampton
2288,Robert Franks
2289,Robert Woodard II
2290,Reggie Perry
2291,Tyrese Maxey
2292,Chuma Okeke
2293,Cassius Winston
2294,Cassius Stanley
2295,Cameron Oliver
2296,CJ Elleby
2297,Daniel Oturu
2298,Dakota Mathias
2299,Cole Anthony
2300,Anthony Edwards
2301,Amida Brimah
2302,Aleksej Pokusevski
2303,Aaron Nesmith
2304,Anthony Gill
2305,Anthony Lamb
2306,Brodric Thomas
2307,Ashton Hagans
2308,Armoni Brooks
2309,Greg Whittington
2310,Grant Riller
2311,Gabriel Deck
2312,Immanuel Quickley
2313,Isaac Okoro
2314,Jalen Smith
2315,Jalen Harris
2316,Jahmi'us Ramsey
2317,Jae'Sean Tate
2318,Isaiah Stewart
2319,Isaiah Joe
2320,Jaden McDaniels
2321,Didi Louzada
2322,Devon Dotson
2323,Devin Vassell
2324,Devin Cannady
2325,Desmond Bane
2326,Deni Avdija
2327,Deividas Sirvydis
2328,Freddie Gillespie
2329,Facundo Campazzo
2330,Elijah Hughes
2331,Elijah Bryant
2332,Dylan Windler
2333,Georgios Kalaitzakis
2334,Gabriel Lundberg
2335,Gabe York
2336,Herbert Jones
2337,Hassani Gravett
2338,Greg Brown III
2339,Duane Washington Jr.
2340,Franz Wagner
2341,Feron Hunt
2342,Evan Mobley
2343,Eugene Omoruyi
2344,Enes Freedom
2345,Isaiah Jackson
2346,Jaysean Paige
2347,Jay Huff
2348,Javonte Smart
2349,Javin DeLaurier
2350,Jarron Cumberland
2351,Jeff Dowtin
2352,Jon Teske
2353,Joel Ayayi
2354,Joe Wieskamp
2355,Jock Landale
2356,Jericho Sims
2357,Jeremiah Robinson-Earl
2358,Jared Butler
2359,JaQuori McLaughlin
2360,JT Thor
2361,Ish Wainright
2362,Isaiah Todd
2363,Isaiah Livers
2364,Jaden Springer
2365,Jamorko Pickett
2366,James Bouknight
2367,Jalen Suggs
2368,Jalen Johnson
2369,Jalen Green
2370,Jaime Echenique
2371,Braxton Key
2372,Brandon Boston
2373,Bones Hyland
2374,Carlik Jones
2375,Cameron McGriff
2376,Cam Thomas
2377,Cade Cunningham
2378,Alekesej Pokusevski
2379,Aleem Ford
2380,Ahmad Caver
2381,Ade Murkey
2382,Aaron Wiggins
2383,Aaron Henry
2384,Ayo Dosunmu
2385,Austin Reaves
2386,Arnoldas Kulboka
2387,Alperen Sengun
2388,Day'Ron Sharpe
2389,Davion Mitchell
2390,David Johnson
2391,David Duke Jr.
2392,DeJon Jarreau
2393,Chris Duarte
2394,Chaundee Brown Jr.
2395,Charles Bassey
2396,Cat Barber
2397,Dalano Banton
2398,Daishen Nix
2399,Craig Sword
2400,Corey Kispert
2401,Jonathan Kuminga
2402,Santi Aldama
2403,Sandro Mamukelashvili
2404,Sam Hauser
2405,Scottie Barnes
2406,Scottie Lewis
2407,Sharife Cooper
2408,Shaq Buchanan
2409,Ziaire Williams
2410,Paris Bass
2411,P.J. Dozier
2412,Rob Edwards
2413,RJ Nembhard Jr.
2414,Quentin Grimes
2415,Petr Cornelie
2416,Omer Yurtseven
2417,Trayvon Palmer
2418,Tre Mann
2419,Trendon Watford
2420,Trevelin Queen
2421,Trevon Scott
2422,Terry Taylor
2423,Zavier Simpson
2424,Trey Murphy III
2425,Xavier Moon
2426,Xavier Sneed
2427,Xavier Tillman Sr.
2428,Yves Pons
2429,Vit Krejci
2430,Tyler Hall
2431,Usman Garuba
2432,Olivier Sarr
2433,Kevin Pangos
2434,Kessler Edwards
2435,Keon Johnson
2436,Leandro Bolmaro
2437,Lindell Wigginton
2438,Joshua Primo
2439,Josh Giddey
2440,Josh Christopher
2441,Jose Alvarado
2442,Jordan Schakel
2443,Jordan Goodwin
2444,Keifer Sykes
2445,Kai Jones
2446,Justin Champagnie
2447,Lindy Waters III
2448,Moses Wright
2449,Moses Moody
2450,Miles McBride
2451,Myles Powell
2452,Nic Claxton
2453,Neemias Queta
2454,Malcolm Hill
2455,Mac McClung
2456,M.J. Walker
2457,Luka Garza
2458,McKinley Wright IV
2459,Matt Ryan
2460,Marko Simonovic
2461,Marcus Garrett
2462,Micah Potter
